<TextureAtlas imagePath="spritesheet_complete.png">
	<SubTexture name="ambulance.png" x="59" y="24" width="38" height="21"/>
	<SubTexture name="barrier.png" x="103" y="11" width="25" height="7"/>
	<SubTexture name="buggy.png" x="153" y="106" width="23" height="14"/>
	<SubTexture name="bus.png" x="0" y="113" width="45" height="21"/>
	<SubTexture name="bus_school.png" x="0" y="92" width="46" height="21"/>
	<SubTexture name="convertible.png" x="120" y="62" width="32" height="13"/>
	<SubTexture name="cycle.png" x="153" y="148" width="16" height="10"/>
	<SubTexture name="cycle_low.png" x="121" y="162" width="16" height="8"/>
	<SubTexture name="firetruck.png" x="44" y="154" width="44" height="21"/>
	<SubTexture name="formula.png" x="97" y="36" width="33" height="9"/>
	<SubTexture name="highway.png" x="122" y="75" width="32" height="31"/>
	<SubTexture name="hotdog.png" x="47" y="72" width="40" height="29"/>
	<SubTexture name="kart.png" x="118" y="122" width="22" height="8"/>
	<SubTexture name="light.png" x="181" y="41" width="7" height="27"/>
	<SubTexture name="light_double.png" x="169" y="148" width="13" height="27"/>
	<SubTexture name="man.png" x="174" y="0" width="9" height="15"/>
	<SubTexture name="man_convertible.png" x="161" y="182" width="7" height="7"/>
	<SubTexture name="man_cycle.png" x="178" y="111" width="8" height="15"/>
	<SubTexture name="man_down.png" x="122" y="57" width="15" height="5"/>
	<SubTexture name="man_fall.png" x="154" y="90" width="12" height="15"/>
	<SubTexture name="man_kart.png" x="165" y="0" width="8" height="10"/>
	<SubTexture name="man_point.png" x="161" y="11" width="13" height="15"/>
	<SubTexture name="man_walk1.png" x="180" y="175" width="7" height="15"/>
	<SubTexture name="man_walk2.png" x="166" y="90" width="11" height="15"/>
	<SubTexture name="police.png" x="97" y="22" width="33" height="14"/>
	<SubTexture name="riot.png" x="45" y="113" width="40" height="21"/>
	<SubTexture name="rounded_green.png" x="121" y="149" width="32" height="13"/>
	<SubTexture name="rounded_red.png" x="122" y="45" width="31" height="12"/>
	<SubTexture name="rounded_yellow.png" x="87" y="88" width="33" height="11"/>
	<SubTexture name="scooter.png" x="139" y="182" width="15" height="9"/>
	<SubTexture name="sedan.png" x="149" y="122" width="29" height="13"/>
	<SubTexture name="sedan_blue.png" x="149" y="135" width="29" height="13"/>
	<SubTexture name="sedan_vintage.png" x="0" y="178" width="36" height="13"/>
	<SubTexture name="sign_blue.png" x="178" y="126" width="7" height="21"/>
	<SubTexture name="sign_red.png" x="182" y="147" width="7" height="21"/>
	<SubTexture name="sign_street.png" x="177" y="90" width="9" height="21"/>
	<SubTexture name="sports_convertible.png" x="103" y="0" width="33" height="11"/>
	<SubTexture name="sports_green.png" x="136" y="0" width="29" height="11"/>
	<SubTexture name="sports_race.png" x="46" y="101" width="34" height="12"/>
	<SubTexture name="sports_red.png" x="87" y="76" width="33" height="12"/>
	<SubTexture name="sports_yellow.png" x="85" y="122" width="33" height="11"/>
	<SubTexture name="station.png" x="72" y="175" width="34" height="13"/>
	<SubTexture name="suv.png" x="130" y="11" width="31" height="15"/>
	<SubTexture name="suv_closed.png" x="152" y="57" width="28" height="15"/>
	<SubTexture name="suv_green.png" x="130" y="26" width="30" height="15"/>
	<SubTexture name="suv_large.png" x="106" y="170" width="33" height="15"/>
	<SubTexture name="suv_military.png" x="153" y="41" width="28" height="14"/>
	<SubTexture name="suv_travel.png" x="117" y="133" width="32" height="16"/>
	<SubTexture name="taxi.png" x="87" y="62" width="33" height="14"/>
	<SubTexture name="towtruck.png" x="0" y="134" width="45" height="20"/>
	<SubTexture name="tractor.png" x="154" y="72" width="24" height="18"/>
	<SubTexture name="transport.png" x="87" y="45" width="35" height="17"/>
	<SubTexture name="truck.png" x="0" y="24" width="59" height="24"/>
	<SubTexture name="truck_trailer.png" x="0" y="48" width="48" height="24"/>
	<SubTexture name="truckcabin.png" x="48" y="48" width="39" height="24"/>
	<SubTexture name="truckcabin_vintage.png" x="139" y="162" width="30" height="20"/>
	<SubTexture name="truckdark.png" x="85" y="101" width="37" height="21"/>
	<SubTexture name="truckdelivery.png" x="0" y="154" width="44" height="24"/>
	<SubTexture name="trucktank.png" x="0" y="0" width="65" height="24"/>
	<SubTexture name="trucktank_trailer.png" x="0" y="72" width="47" height="20"/>
	<SubTexture name="van.png" x="88" y="153" width="33" height="17"/>
	<SubTexture name="van_flat.png" x="45" y="134" width="37" height="17"/>
	<SubTexture name="van_large.png" x="82" y="134" width="35" height="19"/>
	<SubTexture name="van_small.png" x="122" y="106" width="31" height="16"/>
	<SubTexture name="vendor.png" x="65" y="0" width="38" height="22"/>
	<SubTexture name="vintage.png" x="36" y="178" width="36" height="12"/>
	<SubTexture name="woman.png" x="183" y="0" width="7" height="15"/>
	<SubTexture name="woman_convertible.png" x="154" y="182" width="7" height="7"/>
	<SubTexture name="woman_cycle.png" x="178" y="72" width="8" height="15"/>
	<SubTexture name="woman_down.png" x="103" y="18" width="15" height="4"/>
	<SubTexture name="woman_fall.png" x="173" y="26" width="12" height="15"/>
	<SubTexture name="woman_kart.png" x="140" y="122" width="8" height="10"/>
	<SubTexture name="woman_point.png" x="160" y="26" width="13" height="15"/>
	<SubTexture name="woman_walk1.png" x="185" y="15" width="6" height="15"/>
	<SubTexture name="woman_walk2.png" x="169" y="175" width="11" height="15"/>
</TextureAtlas>